model,home_MAE,away_MAE,diff_MAE,home_RMSE,away_RMSE,diff_RMSE,home_NLL,away_NLL,home_CRPS,away_CRPS
LGB,2.2903362667348612,1.9880229295707483,3.359442273921101,2.8993828550360226,2.5135042652749715,4.224410196206544,2.4870880869544267,2.3128504997769457,1.6220949331230752,1.393202710053547
Mean baseline,2.3905896963208777,2.0909027343113467,3.5651979207297124,3.0446303594278694,2.631148992510636,4.535126445539193,2.563149960633898,2.3816498951759475,1.7080019596459732,1.4640069795298503
